<?xml version="1.0" encoding="UTF-8"?>
<project-private xmlns="http://www.netbeans.org/ns/project-private/1">
    <editor-bookmarks xmlns="http://www.netbeans.org/ns/editor-bookmarks/2" lastBookmarkId="0"/>
    <open-files xmlns="http://www.netbeans.org/ns/projectui-open-files/2">
        <group>
            <file>file:/C:/Users/Edgar/OneDrive/Documentos/Obsidian%20Vault/UPC/PROP/trabajo%203/Hex_alumne/src/edu/upc/epsevg/prop/hex/players/Minimax.java</file>
            <file>file:/C:/Users/Edgar/OneDrive/Documentos/Obsidian%20Vault/UPC/PROP/trabajo%203/Hex_alumne/src/edu/upc/epsevg/prop/hex/players/HumanPlayer.java</file>
            <file>file:/C:/Users/Edgar/OneDrive/Documentos/Obsidian%20Vault/UPC/PROP/trabajo%203/Hex_alumne/src/edu/upc/epsevg/prop/hex/Game.java</file>
        </group>
    </open-files>
</project-private>
